<?xml version="1.0" encoding="UTF-8"?>
<!--设置log4j2的自身log级别为warn -->
<configuration status="warn">
    <properties>
        <Property name="app_name">effective-shell</Property>
        <Property name="log_path">${system.log.path}/log/${app_name}</Property>
        <Property name="maxfile">50</Property>
    </properties>
    <appenders>
        <console name="Console" target="SYSTEM_OUT">
            <PatternLayout pattern="[%d][%t][%p][%l] %m%n"/>
        </console>

        <RollingFile name="RollingFileInfo" fileName="${log_path}/${app_name}_info.log"
                     filePattern="${log_path}/info/${app_name}_info-%d{yyyy-MM-dd}-%i.log.gz">
            <Filters>
                <ThresholdFilter level="INFO"/>
                <ThresholdFilter level="WARN" onMatch="DENY" onMismatch="NEUTRAL"/>
            </Filters>
            <PatternLayout pattern="[%d][%t][%p][%c:%L] %m%n"/>
            <Policies>
                <TimeBasedTriggeringPolicy interval="1" modulate="true"/>
                <SizeBasedTriggeringPolicy size="1024 MB"/>
            </Policies>
            <DefaultRolloverStrategy compressionLevel="0" max="100"/>
        </RollingFile>

        <RollingFile name="RollingFileError" fileName="${log_path}/${app_name}_error.log"
                     filePattern="${log_path}/error/${app_name}_error-%d{yyyy-MM-dd}-%i.log.gz">
            <ThresholdFilter level="ERROR" onMatch="ACCEPT" onMismatch="DENY"/>
            <PatternLayout pattern="[%d][%t][%p][%c:%L] %m%n"/>
            <Policies>
                <TimeBasedTriggeringPolicy interval="1" modulate="true"/>
                <SizeBasedTriggeringPolicy size="512 MB"/>
            </Policies>
            <DefaultRolloverStrategy compressionLevel="0" max="10"/>
        </RollingFile>

    </appenders>

    <loggers>

        <root level="INFO" additivity="false">
            <appender-ref ref="Console"/>
            <appender-ref ref="RollingFileInfo"/>
            <appender-ref level="ERROR" ref="RollingFileError"/>
        </root>

    </loggers>

</configuration>